{
	"textures": {
		"0": "block/custom/pebble",
		"particle": "block/custom/pebble"
	},
	"elements": [
		{
			"from": [6, 0, 9],
			"to": [11, 2, 14],
			"rotation": {"angle": 0, "axis": "y", "origin": [15, 0, 1]},
			"faces": {
				"north": {"uv": [15, 13.5, 16, 16], "rotation": 90, "texture": "#0"},
				"east": {"uv": [6.5, 9, 9, 10], "texture": "#0"},
				"south": {"uv": [11.5, 9, 14, 10], "texture": "#0"},
				"west": {"uv": [15, 16, 14, 13.5], "rotation": 90, "texture": "#0"},
				"up": {"uv": [12, 9, 9.5, 6.5], "texture": "#0"},
				"down": {"uv": [14.5, 6.5, 12, 9], "texture": "#0"}
			}
		},
		{
			"from": [7, 0, 4],
			"to": [12, 4, 9],
			"rotation": {"angle": 0, "axis": "y", "origin": [-1, 0, 1]},
			"faces": {
				"north": {"uv": [9, 11.5, 11.5, 13.5], "texture": "#0"},
				"east": {"uv": [11.5, 10, 14, 12], "texture": "#0"},
				"south": {"uv": [11.5, 12, 14, 14], "texture": "#0"},
				"west": {"uv": [11.5, 14, 14, 16], "texture": "#0"},
				"up": {"uv": [11.5, 16, 9, 13.5], "texture": "#0"},
				"down": {"uv": [11.5, 9, 9, 11.5], "texture": "#0"}
			}
		},
		{
			"from": [3, 0, 6],
			"to": [9, 8, 12],
			"rotation": {"angle": 22.5, "axis": "z", "origin": [7, 3.5, 9]},
			"faces": {
				"north": {"uv": [0, 8, 3, 12], "texture": "#0"},
				"east": {"uv": [3, 8, 6, 12], "texture": "#0"},
				"south": {"uv": [0, 12, 3, 16], "texture": "#0"},
				"west": {"uv": [3, 12, 6, 16], "texture": "#0"},
				"up": {"uv": [9, 13, 6, 10], "texture": "#0"},
				"down": {"uv": [9, 13, 6, 16], "texture": "#0"}
			}
		}
	]
}