{
	"textures": {
		"0": "item/custom/bench",
		"particle": "item/custom/bench"
	},
	"elements": [
		{
			"from": [-8, 0, 1],
			"to": [-6, 7, 3],
			"faces": {
				"north": {"uv": [7, 10.25, 7.5, 12], "texture": "#0"},
				"east": {"uv": [7.5, 10.25, 8, 12], "texture": "#0"},
				"south": {"uv": [8, 10.25, 8.5, 12], "texture": "#0"},
				"west": {"uv": [8.5, 10.25, 9, 12], "texture": "#0"},
				"up": {"uv": [10.5, 6.75, 10, 6.25], "texture": "#0"},
				"down": {"uv": [10.5, 6.75, 10, 7.25], "texture": "#0"}
			}
		},
		{
			"from": [22, 0, 1],
			"to": [24, 7, 3],
			"rotation": {"angle": 0, "axis": "y", "origin": [16, 0, 0]},
			"faces": {
				"north": {"uv": [7.5, 10.25, 7, 12], "texture": "#0"},
				"east": {"uv": [9, 10.25, 8.5, 12], "texture": "#0"},
				"south": {"uv": [8.5, 10.25, 8, 12], "texture": "#0"},
				"west": {"uv": [8, 10.25, 7.5, 12], "texture": "#0"},
				"up": {"uv": [10, 6.75, 10.5, 6.25], "texture": "#0"},
				"down": {"uv": [10, 6.75, 10.5, 7.25], "texture": "#0"}
			}
		},
		{
			"from": [22, 0, 13],
			"to": [24, 7, 15],
			"rotation": {"angle": 0, "axis": "y", "origin": [16, 0, 16]},
			"faces": {
				"north": {"uv": [8, 10.25, 8.5, 12], "texture": "#0"},
				"east": {"uv": [8.5, 10.25, 9, 12], "texture": "#0"},
				"south": {"uv": [7, 10.25, 7.5, 12], "texture": "#0"},
				"west": {"uv": [7.5, 10.25, 8, 12], "texture": "#0"},
				"up": {"uv": [10, 6.25, 10.5, 6.75], "texture": "#0"},
				"down": {"uv": [10, 7.25, 10.5, 6.75], "texture": "#0"}
			}
		},
		{
			"from": [-8, 0, 13],
			"to": [-6, 7, 15],
			"rotation": {"angle": 0, "axis": "y", "origin": [0, 0, 16]},
			"faces": {
				"north": {"uv": [8.5, 10.25, 8, 12], "texture": "#0"},
				"east": {"uv": [8, 10.25, 7.5, 12], "texture": "#0"},
				"south": {"uv": [7.5, 10.25, 7, 12], "texture": "#0"},
				"west": {"uv": [9, 10.25, 8.5, 12], "texture": "#0"},
				"up": {"uv": [10.5, 6.25, 10, 6.75], "texture": "#0"},
				"down": {"uv": [10.5, 7.25, 10, 6.75], "texture": "#0"}
			}
		},
		{
			"from": [-8, 13, 1],
			"to": [-6, 15, 13],
			"faces": {
				"north": {"uv": [12.25, 9.25, 12.75, 9.75], "texture": "#0"},
				"east": {"uv": [13, 5.75, 10, 6.25], "texture": "#0"},
				"south": {"uv": [12.25, 9.75, 12.75, 10.25], "texture": "#0"},
				"west": {"uv": [10, 5.75, 13, 6.25], "texture": "#0"},
				"up": {"uv": [2.5, 13.25, 2, 10.25], "texture": "#0"},
				"down": {"uv": [3, 10.25, 2.5, 13.25], "texture": "#0"}
			}
		},
		{
			"from": [-7, 9, 1],
			"to": [-7, 13, 13],
			"faces": {
				"north": {"uv": [0, 0, 0, 1], "texture": "#0"},
				"east": {"uv": [7, 4.25, 10, 5.25], "texture": "#0"},
				"south": {"uv": [0, 0, 0, 1], "texture": "#0"},
				"west": {"uv": [7, 4.25, 10, 5.25], "texture": "#0"},
				"up": {"uv": [0, 3, 0, 0], "texture": "#0"},
				"down": {"uv": [0, 0, 0, 3], "texture": "#0"}
			}
		},
		{
			"from": [-8, 9, 13],
			"to": [-6, 21, 15],
			"faces": {
				"north": {"uv": [5, 10.25, 5.5, 13.25], "texture": "#0"},
				"east": {"uv": [5.5, 10.25, 6, 13.25], "texture": "#0"},
				"south": {"uv": [6, 10.25, 6.5, 13.25], "texture": "#0"},
				"west": {"uv": [6.5, 10.25, 7, 13.25], "texture": "#0"},
				"up": {"uv": [12.75, 11.75, 12.25, 11.25], "texture": "#0"},
				"down": {"uv": [12.75, 11.75, 12.25, 12.25], "texture": "#0"}
			}
		},
		{
			"from": [-6, 8, 14],
			"to": [22, 22, 14],
			"faces": {
				"north": {"uv": [0, 0, 7, 3.5], "texture": "#0"},
				"east": {"uv": [0, 0, 0, 3.5], "texture": "#0"},
				"south": {"uv": [0, 3.5, 7, 7], "texture": "#0"},
				"west": {"uv": [0, 0, 0, 3.5], "texture": "#0"},
				"up": {"uv": [7, 0, 0, 0], "texture": "#0"},
				"down": {"uv": [7, 0, 0, 0], "texture": "#0"}
			}
		},
		{
			"from": [-8, 7, 0],
			"to": [-6, 9, 15],
			"faces": {
				"north": {"uv": [12.25, 12.25, 12.75, 12.75], "texture": "#0"},
				"east": {"uv": [10, 3.25, 13.75, 3.75], "texture": "#0"},
				"south": {"uv": [12.5, 6.25, 13, 6.75], "texture": "#0"},
				"west": {"uv": [10, 3.75, 13.75, 4.25], "texture": "#0"},
				"up": {"uv": [0.5, 14, 0, 10.25], "texture": "#0"},
				"down": {"uv": [1, 10.25, 0.5, 14], "texture": "#0"}
			}
		},
		{
			"from": [22, 7, 0],
			"to": [24, 9, 15],
			"rotation": {"angle": 0, "axis": "y", "origin": [16, 0, 0]},
			"faces": {
				"north": {"uv": [12.75, 12.25, 12.25, 12.75], "texture": "#0"},
				"east": {"uv": [13.75, 3.75, 10, 4.25], "texture": "#0"},
				"south": {"uv": [13, 6.25, 12.5, 6.75], "texture": "#0"},
				"west": {"uv": [13.75, 3.25, 10, 3.75], "texture": "#0"},
				"up": {"uv": [0, 14, 0.5, 10.25], "texture": "#0"},
				"down": {"uv": [0.5, 10.25, 1, 14], "texture": "#0"}
			}
		},
		{
			"from": [22, 13, 1],
			"to": [24, 15, 13],
			"rotation": {"angle": 0, "axis": "y", "origin": [16, 0, 0]},
			"faces": {
				"north": {"uv": [12.75, 9.25, 12.25, 9.75], "texture": "#0"},
				"east": {"uv": [13, 5.75, 10, 6.25], "texture": "#0"},
				"south": {"uv": [12.75, 9.75, 12.25, 10.25], "texture": "#0"},
				"west": {"uv": [10, 5.75, 13, 6.25], "texture": "#0"},
				"up": {"uv": [2, 13.25, 2.5, 10.25], "texture": "#0"},
				"down": {"uv": [2.5, 10.25, 3, 13.25], "texture": "#0"}
			}
		},
		{
			"from": [23, 9, 1],
			"to": [23, 13, 13],
			"rotation": {"angle": 0, "axis": "y", "origin": [16, 0, 0]},
			"faces": {
				"north": {"uv": [0, 0, 0, 1], "texture": "#0"},
				"east": {"uv": [10, 4.25, 7, 5.25], "texture": "#0"},
				"south": {"uv": [0, 0, 0, 1], "texture": "#0"},
				"west": {"uv": [10, 4.25, 7, 5.25], "texture": "#0"},
				"up": {"uv": [0, 3, 0, 0], "texture": "#0"},
				"down": {"uv": [0, 0, 0, 3], "texture": "#0"}
			}
		},
		{
			"from": [22, 9, 13],
			"to": [24, 21, 15],
			"rotation": {"angle": 0, "axis": "y", "origin": [16, 0, 0]},
			"faces": {
				"north": {"uv": [5.5, 10.25, 5, 13.25], "texture": "#0"},
				"east": {"uv": [7, 10.25, 6.5, 13.25], "texture": "#0"},
				"south": {"uv": [6.5, 10.25, 6, 13.25], "texture": "#0"},
				"west": {"uv": [6, 10.25, 5.5, 13.25], "texture": "#0"},
				"up": {"uv": [12.25, 11.75, 12.75, 11.25], "texture": "#0"},
				"down": {"uv": [12.25, 11.75, 12.75, 12.25], "texture": "#0"}
			}
		},
		{
			"from": [-7, 3, 3],
			"to": [-7, 7, 12],
			"faces": {
				"north": {"uv": [0, 0, 0, 1], "texture": "#0"},
				"east": {"uv": [7, 8.25, 9.25, 9.25], "texture": "#0"},
				"south": {"uv": [0, 0, 0, 1], "texture": "#0"},
				"west": {"uv": [7, 8.25, 9.25, 9.25], "texture": "#0"},
				"up": {"uv": [0, 2.25, 0, 0], "texture": "#0"},
				"down": {"uv": [0, 0, 0, 2.25], "texture": "#0"}
			}
		},
		{
			"from": [23, 3, 3],
			"to": [23, 7, 12],
			"rotation": {"angle": 0, "axis": "y", "origin": [16, 0, 0]},
			"faces": {
				"north": {"uv": [0, 0, 0, 1], "texture": "#0"},
				"east": {"uv": [9.25, 8.25, 7, 9.25], "texture": "#0"},
				"south": {"uv": [0, 0, 0, 1], "texture": "#0"},
				"west": {"uv": [9.25, 8.25, 7, 9.25], "texture": "#0"},
				"up": {"uv": [0, 2.25, 0, 0], "texture": "#0"},
				"down": {"uv": [0, 0, 0, 2.25], "texture": "#0"}
			}
		},
		{
			"from": [-6, 8, 1],
			"to": [22, 8, 14],
			"faces": {
				"north": {"uv": [0, 0, 7, 0], "texture": "#0"},
				"east": {"uv": [0, 0, 3.25, 0], "texture": "#0"},
				"south": {"uv": [0, 0, 7, 0], "texture": "#0"},
				"west": {"uv": [0, 0, 3.25, 0], "texture": "#0"},
				"up": {"uv": [7, 10.25, 0, 7], "texture": "#0"},
				"down": {"uv": [7, 7, 0, 10.25], "texture": "#0"}
			}
		}
	],
	"gui_light": "front",
	"display": {
		"thirdperson_righthand": {
			"rotation": [60, 145, 0],
			"translation": [0, 1.25, 0],
			"scale": [0.5, 0.5, 0.5]
		},
		"thirdperson_lefthand": {
			"rotation": [60, 145, 0],
			"translation": [0, 1.25, 0],
			"scale": [0.5, 0.5, 0.5]
		},
		"firstperson_righthand": {
			"rotation": [0, 111, 0],
			"translation": [0.5, 3, 0],
			"scale": [0.5, 0.5, 0.5]
		},
		"firstperson_lefthand": {
			"rotation": [0, 111, 0],
			"translation": [0.5, 3, 0],
			"scale": [0.5, 0.5, 0.5]
		},
		"ground": {
			"translation": [0, 3.25, 0],
			"scale": [0.3, 0.3, 0.3]
		},
		"gui": {
			"rotation": [25, 138, 0],
			"translation": [0, -1, 0],
			"scale": [0.4, 0.4, 0.4]
		},
		"fixed": {
			"rotation": [0, 90, 0],
			"translation": [0, 0, 6],
			"scale": [0.5, 0.5, 0.5]
		}
	},
	"groups": [
		{
			"name": "group",
			"origin": [0, 0, 0],
			"color": 0,
			"children": [0, 1, 2, 3, 4, 5, 6, 7, 8, 9, 10, 11, 12, 13, 14, 15]
		}
	]
}