{
	"texture_size": [32, 32],
	"textures": {
		"0": "item/custom/cap",
		"particle": "item/custom/cap"
	},
	"elements": [
		{
			"from": [3.5, 0, -5],
			"to": [12.5, 0, 4],
			"rotation": {"angle": 0, "axis": "y", "origin": [8, 0, 8]},
			"faces": {
				"north": {"uv": [0, 0, 4.5, 0], "texture": "#0"},
				"east": {"uv": [0, 0, 4.5, 0], "texture": "#0"},
				"south": {"uv": [0, 0, 4.5, 0], "texture": "#0"},
				"west": {"uv": [0, 0, 4.5, 0], "texture": "#0"},
				"up": {"uv": [4.5, 4.5, 0, 0], "texture": "#0", "tintindex": 0},
				"down": {"uv": [4.5, 0, 0, 4.5], "texture": "#0", "tintindex": 0}
			}
		},
		{
			"from": [3.3, -0.2, 3.8],
			"to": [12.7, 4.2, 13.2],
			"rotation": {"angle": 0, "axis": "y", "origin": [8, 0, 8]},
			"faces": {
				"north": {"uv": [2.5, 14, 7, 16], "texture": "#0", "tintindex": 0},
				"east": {"uv": [16, 14, 11.5, 16], "texture": "#0", "tintindex": 0},
				"south": {"uv": [11.5, 12, 16, 14], "texture": "#0", "tintindex": 0},
				"west": {"uv": [11.5, 14, 16, 16], "texture": "#0", "tintindex": 0},
				"up": {"uv": [11.5, 16, 7, 11.5], "texture": "#0", "tintindex": 0},
				"down": {"uv": [11.5, 11.5, 7, 16], "texture": "#0", "tintindex": 0}
			}
		},
		{
			"from": [3.5, 0, 4],
			"to": [12.5, 4, 13],
			"rotation": {"angle": 0, "axis": "y", "origin": [8, 0, 8]},
			"faces": {
				"north": {"uv": [0, 9, 4.5, 11], "texture": "#0", "tintindex": 0},
				"east": {"uv": [13.5, 4, 9, 6], "texture": "#0", "tintindex": 0},
				"south": {"uv": [9, 2, 13.5, 4], "texture": "#0", "tintindex": 0},
				"west": {"uv": [9, 4, 13.5, 6], "texture": "#0", "tintindex": 0},
				"up": {"uv": [9, 4.5, 4.5, 0], "texture": "#0", "tintindex": 0},
				"down": {"uv": [9, 4.5, 4.5, 9], "texture": "#0", "tintindex": 0}
			}
		}
	],
	"gui_light": "front",
	"display": {
		"thirdperson_righthand": {
			"rotation": [45, 49, 0],
			"translation": [0, 4.5, 2.25],
			"scale": [0.5, 0.5, 0.5]
		},
		"thirdperson_lefthand": {
			"rotation": [45, 49, 0],
			"translation": [0, 4.5, 2.25],
			"scale": [0.5, 0.5, 0.5]
		},
		"firstperson_righthand": {
			"rotation": [0, 34, 0],
			"translation": [5.25, 4.75, 0],
			"scale": [0.75, 0.75, 0.75]
		},
		"firstperson_lefthand": {
			"rotation": [0, 34, 0],
			"translation": [5.25, 4.75, 0],
			"scale": [0.75, 0.75, 0.75]
		},
		"ground": {
			"translation": [0, 4.5, 0],
			"scale": [0.75, 0.75, 0.75]
		},
		"gui": {
			"rotation": [35, 135, 0],
			"translation": [0.5, 4.5, 0],
			"scale": [0.9, 0.9, 0.9]
		},
		"head": {
			"translation": [0, 15, -1],
			"scale": [1.75, 1.75, 1.75]
		}
	}
}